<?xml version="1.0"?>
<Locations >
  <Project>
    <vfs_file>/home/csetzer/git/criticalhighintegritysystems/exampleCodeForTesting/main.gpr</vfs_file>
    <file_marker current="true" column=" 1" line=" 1" >
      <vfs_project />
      <vfs_file>/home/csetzer/git/criticalhighintegritysystems/exampleCodeForTesting/main.gpr</vfs_file>
    </file_marker>
  </Project>
  <Project >
    <file_marker current="true" column=" 1" line=" 1">
      <vfs_project  />
      <vfs_file >/home/csetzer/git/criticalhighintegritysystems/exampleCodeForTesting/main.gpr</vfs_file>
    </file_marker>
  </Project>
</Locations>
